##############################################################################
#                            Country Collections                             #
#                 Created by Yozora, Bullmoose20, & Sohjiro                  #
#                         Artwork Credit to Duhniel                          #
#          EDITING THIS FILE MAY CAUSE PULLING NEW UPDATES TO FAIL           #
#           https://kometa.wiki/en/latest/defaults/movie/country             #
##############################################################################

external_templates:
  default: templates
  template_variables:
    collection_section: "080"

collections:
  Country Collections:
    template:
      - name: separator
        separator: country
        key_name: Country
        translation_key: separator

dynamic_collections:
  Country:
    type: country
    title_format: <<key_name>>
    other_name: Other Countries
    template:
      - smart_filter
      - shared
    other_template:
      - other_collection
      - smart_filter
      - shared
    template_variables:
      search_term:
        default: country
      image:
        default: country/<<style>>/<<original_key_name_encoded>>
      style:
        default: white
      translation_key:
        default: country
        other: country_other
      dynamic:
        default: true

    include:
      # Northern Africa:
        - Algeria
        - Egypt
        - Libya
        - Morocco
        - Sudan
        - Tunisia
        - Western Sahara
      # Eastern Africa:
        - British Indian Ocean Territory
        - Burundi
        - Comoros
        - Djibouti
        - Eritrea
        - Ethiopia
        - French Southern Territories
        - Kenya
        - Madagascar
        - Malawi
        - Mauritius
        - Mayotte
        - Mozambique
        - Réunion
        - Rwanda
        - Seychelles
        - Somalia
        - South Sudan
        - Uganda
        - Tanzania
        - Zambia
        - Zimbabwe
      # Central Africa:
        - Angola
        - Cameroon
        - Central African Republic
        - Chad
        - Republic of the Congo
        - Democratic Republic of the Congo
        - Equatorial Guinea
        - Gabon
        - São Tomé and Príncipe
      # Southern Africa:
        - Botswana
        - Eswatini
        - Lesotho
        - Namibia
        - South Africa
      # Western Africa:
        - Benin
        - Burkina Faso
        - Cape Verde
        - Côte d'Ivoire
        - Gambia
        - Ghana
        - Guinea
        - Guinea-Bissau
        - Liberia
        - Mali
        - Mauritania
        - Niger
        - Nigeria
        - Saint Helena, Ascension and Tristan da Cunha
        - Senegal
        - Sierra Leone
        - Togo
      # Caribbean:
        - Anguilla
        - Antigua and Barbuda
        - Aruba
        - Bahamas
        - Barbados
        - Bonaire, Sint Eustatius and Saba
        - Netherlands Antilles
        - British Virgin Islands
        - Cayman Islands
        - Cuba
        - Curaçao
        - Dominica
        - Dominican Republic
        - Grenada
        - Guadeloupe
        - Haiti
        - Jamaica
        - Martinique
        - Montserrat
        - Puerto Rico
        - Saint Barthélemy
        - Saint Kitts and Nevis
        - Saint Lucia
        - Saint Martin
        - Saint Vincent and the Grenadines
        - Sint Maarten
        - Trinidad and Tobago
        - Turks and Caicos Islands
        - US Virgin Islands
      # Central America:
        - Belize
        - Costa Rica
        - El Salvador
        - Guatemala
        - Honduras
        - Mexico
        - Nicaragua
        - Panama
      # South America:
        - Argentina
        - Bolivia
        - Bouvet Island
        - Brazil
        - Chile
        - Colombia
        - Ecuador
        - Falkland Islands
        - French Guiana
        - Guyana
        - Paraguay
        - Peru
        - South Georgia and the South Sandwich Islands
        - Suriname
        - Uruguay
        - Venezuela
      # North America:
        - Bermuda
        - Canada
        - Greenland
        - Saint Pierre and Miquelon
        - United States
      # Antarctica:
        - Antarctica
      # Central Asia:
        - Kazakhstan
        - Kyrgyzstan
        - Tajikistan
        - Turkmenistan
        - Uzbekistan
      # Eastern Asia:
        - China
        - Hong Kong
        - Macao
        - North Korea
        - Japan
        - Mongolia
        - South Korea
        - Taiwan
      # South-Eastern Asia:
        - Brunei
        - Cambodia
        - Indonesia
        - Laos
        - Malaysia
        - Myanmar
        - Philippines
        - Singapore
        - Thailand
        - East Timor
        - Vietnam
      # Southern Asia:
        - Afghanistan
        - Bangladesh
        - Bhutan
        - India
        - Iran
        - Maldives
        - Nepal
        - Pakistan
        - Sri Lanka
      # Western Asia:
        - Armenia
        - Azerbaijan
        - Bahrain
        - Cyprus
        - Georgia
        - Iraq
        - Israel
        - Jordan
        - Kuwait
        - Lebanon
        - Oman
        - Qatar
        - Saudi Arabia
        - Palestine
        - Syria
        - Turkey
        - United Arab Emirates
        - Yemen
      # Eastern Europe:
        - Belarus
        - Bulgaria
        - Czech Republic
        - Hungary
        - Poland
        - Moldova
        - Romania
        - Russia
        - Slovakia
        - Ukraine
      # Northern Europe:
        - Åland Islands
        - Guernsey
        - Jersey
        - Sark
        - Denmark
        - Estonia
        - Faroe Islands
        - Finland
        - Iceland
        - Ireland
        - Northern Ireland
        - Isle of Man
        - Latvia
        - Lithuania
        - Norway
        - Svalbard and Jan Mayen Islands
        - Sweden
        - United Kingdom
      # Southern Europe:
        - Albania
        - Andorra
        - Bosnia and Herzegovina
        - Croatia
        - Gibraltar
        - Greece
        - Kosovo
        - Vatican City
        - Italy
        - Malta
        - Montenegro
        - North Macedonia
        - Portugal
        - San Marino
        - Serbia
        - Serbia and Montenegro
        - Slovenia
        - Spain
        - Yugoslavia
      # Western Europe:
        - Austria
        - Belgium
        - France
        - Germany
        - Liechtenstein
        - Luxembourg
        - Monaco
        - Netherlands
        - Switzerland
      #Australia and New Zealand:
        - Australia
        - Christmas Island
        - Cocos (Keeling) Islands
        - Heard Island and McDonald Islands
        - New Zealand
        - Norfolk Island
      # Melanesia:
        - Fiji
        - New Caledonia
        - Papua New Guinea
        - Solomon Islands
        - Vanuatu
      # Micronesia:
        - Guam
        - Kiribati
        - Marshall Islands
        - Micronesia
        - Nauru
        - Northern Mariana Islands
        - Palau
        - US Minor Outlying Islands
      # Polynesia:
        - American Samoa
        - Cook Islands
        - French Polynesia
        - Niue
        - Pitcairn Islands
        - Samoa
        - Tokelau
        - Tonga
        - Tuvalu
        - Wallis and Futuna Islands
    addons:
      Tanzania:
        - United Republic of Tanzania
      Republic of the Congo:
        - Congo
      Democratic Republic of the Congo:
        - Zaire
      São Tomé and Príncipe:
        - Sao Tome and Principe
      Eswatini:
        - Swaziland
      Cape Verde:
        - Cabo Verde
      Côte d'Ivoire:
        - Côte d’Ivoire
        - Ivory Coast
      Saint Helena, Ascension and Tristan da Cunha:
        - Saint Helena
        - St. Helena
        - Ascension
        - Tristan da Cunha
      Antigua and Barbuda:
        - Antigua
        - Barbuda
      Bonaire, Sint Eustatius and Saba:
        - Bonaire
        - Sint Eustatius
        - Saba
      Saint Kitts and Nevis:
        - St. Kitts and Nevis
      Saint Lucia:
        - St. Lucia
      Saint Vincent and the Grenadines:
        - Saint Vincent and Grenadines
        - St. Vincent and the Grenadines
        - St. Vincent and Grenadines
      US Virgin Islands:
        - U.S. Virgin Islands
        - United States Virgin Islands
      Bolivia:
        - Plurinational State of Bolivia
      Falkland Islands:
        - Malvinas
      South Georgia and the South Sandwich Islands:
        - South Georgia and South Sandwich Islands
        - South Georgia
        - South Sandwich Islands
      Venezuela:
        - Bolivarian Republic of Venezuela
      Saint Pierre and Miquelon:
        - St. Pierre and Miquelon
      United States:
        - United States of America
      Hong Kong:
        - Hong Kong SAR China
      Macao:
        - Macau
        - Macau SAR China
      North Korea:
        - Democratic People's Republic of Korea
      South Korea:
        - Republic of Korea
        - Korea
      Taiwan:
        - Taiwan, Province of China
      Brunei:
        - Brunei Darussalam
      Laos:
        - Lao People's Democratic Republic
        - Lao
      Myanmar:
        - Burma
      East Timor:
        - Timor-Leste
      Vietnam:
        - Viet Nam
      Iran:
        - Islamic Republic of Iran
      Palestine:
        - State of Palestine
      Syria:
        - Syrian Arab Republic
      Turkey:
        - Türkiye
      Czech Republic:
        - Czechia
        - Czechoslovakia
      Moldova:
        - Republic of Moldova
      Russia:
        - Russian Federation
        - Soviet Union
      Svalbard and Jan Mayen Islands:
        - Svalbard and Jan Mayen
      Vatican City:
        - Holy See
      North Macedonia:
        - Macedonia
        - Republic of North Macedonia
      France:
        - French Republic
      Germany:
        - East Germany
      Heard Island and McDonald Islands:
        - Heard and McDonald Islands
      Papua New Guinea:
        - New Guinea
      Micronesia:
        - Federated States of Micronesia
      US Minor Outlying Islands:
        - United States Minor Outlying Islands
        - United States Outlying Islands
        - U.S. Minor Outlying Islands
        - U.S. Outlying Islands
        - US Outlying Islands
      Pitcairn Islands:
        - Pitcairn
      Wallis and Futuna Islands:
        - Wallis and Futuna

    